Set,Price_Euro,Pieces,Minifigs
Corner Garage,179.99,2569,6 (6 unique to this set)
Ford Mustang,169.99,1471,
NASA Apollo 11 Lunar Lander,99.99,1087,2 (2 unique to this set)
Gingerbread House,89.99,1477,2 (2 unique to this set)
Harley-Davidson Fat Boy,89.99,1023,
Woody & RC,9.74,69,1
Duke Caboom's Stunt Show,19.49,120,2 (1 unique to this set)
Buzz and Bo Peep's Playground Adventure,24.36,139,3 (1 unique to this set)
RV Vacation,34.11,178,3 (2 unique to this set)
Buzz & Woody's Carnival Mania!,49.99,230,5 (3 unique to this set)
Carnival Thrill Coaster,19.49,98,2
My First Tow Truck,9.74,11,
My First Balancing Animals,14.61,15,
My First Fun Puzzle,19.49,15,
My First Car Creations,19.99,34,
Creative Fun,34.99,120,1
Mickey's Vacation House,48.73,57,3 (2 unique to this set)
Spider-Man vs. Electro,19.99,29,2 (1 unique to this set)
Toy Story Train,19.99,21,2 (2 unique to this set)
Emmet and Lucy's Visitors from the DUPLO Planet,29.99,53,2 (2 unique to this set)
My First Minnie Build,9.99,10,
My First Mickey Build,9.74,9,
Frozen Ice Castle,49.99,59,3 (1 unique to this set)
Police Bike,9.99,8,1 (1 unique to this set)
Fire Truck,19.99,21,2 (1 unique to this set)
Police Station,29.99,38,3 (2 unique to this set)
Fire Station,49.99,76,2
Baby Animals,9.74,9,
Tropical Island,59.99,73,3 (1 unique to this set)
World Animals,99.99,121,6 (3 unique to this set)
Plane,9.99,12,1 (1 unique to this set)
Submarine Adventure,19.99,24,2
Bricks and Ideas,9.99,123,
Basic Brick Set,19.99,300,
Bricks and Eyes,29.23,451,
Windows of Creativity,29.23,450,
Creative Fun,34.11,900,
Star Wars: Build Your Own Adventure Galactic Missions parts,NaN,66,1
The Book of Bedtime Builds parts,NaN,68,
Harry Potter: Build Your Own Adventure parts,NaN,101,1
Christmas Ideas parts,NaN,41,
Wooden Minifigure parts,NaN,29,
San Francisco,49.99,565,
Paris,49.99,649,
Trafalgar Square,79.99,1197,
Empire State Building,99.99,1767,
Burj Khalifa,39.99,333,
Minecraft Steve BigFig with Parrot,14.99,159,
Minecraft Alex BigFig with Chicken,14.99,160,
Minecraft Skeleton BigFig with Magma Cube,14.99,142,
The End Battle,19.99,222,2 (2 unique to this set)
The Pirate Ship Adventure,49.99,386,3 (2 unique to this set)
The Wool Farm,19.99,260,1
The Blaze Bridge,39.99,372,4 (3 unique to this set)
The Creeper Mine,79.99,834,4 (2 unique to this set)
The Flintstones,58.48,748,4 (4 unique to this set)
Steamboat Willie,87.72,751,2 (2 unique to this set)
Tree House,249.99,3036,4 (4 unique to this set)
Central Perk,79.99,1070,7 (7 unique to this set)
Dinosaur Fossils,59.99,910,2 (2 unique to this set)
My First Duck,NaN,6,
Town Rescue - {Random Bag},NaN,NaN,
Town Rescue - Bird,NaN,NaN,
Town Rescue - Fireman,NaN,NaN,
Town Rescue - Cat,NaN,NaN,
Town Rescue - Policewoman,NaN,NaN,
Town Rescue - Dog,NaN,NaN,
Emmet's 'Piece' Offering,3.99,44,1
Fire ATV,NaN,39,1
Sky Police Jetpack,NaN,33,2 (1 unique to this set)
Race Boat,3.99,34,1 (1 unique to this set)
Popcorn Cart,NaN,43,1 (1 unique to this set)
Space Satellite,NaN,36,1 (1 unique to this set)
Naboo Starfighter,NaN,48,
Snowspeeder,NaN,49,
Minecraft Steve and Creeper Set,NaN,36,2
Tulips,NaN,90,
Emma's Bumper Cars,3.99,66,1 (1 unique to this set)
Mia's Water Fun,NaN,28,1 (1 unique to this set)
Spider-Man's Mini Spider Crawler,NaN,73,1
Iron Man and Dum-E,NaN,38,1 (1 unique to this set)
Rex's Plantimal Ambush,3.89,32,1 (1 unique to this set)
Podracer,NaN,58,
Lucy vs. Alien Invader,NaN,44,1
Mini Master-Building MetalBeard,NaN,42,1 (1 unique to this set)
Mini Master-Building Emmet,3.89,49,1
Sam-X,NaN,56,
Ninja Workout,NaN,31,1 (1 unique to this set)
Fire Flight,NaN,54,1
Fish Free Builds - Make It Yours,NaN,39,
Elsa's Winter Throne,3.99,42,1
Pelican,3.89,62,
Race Car,3.99,68,
Santa,NaN,67,
Star-Stuck Emmet,NaN,41,1 (1 unique to this set)
SHAZAM!,NaN,5,1 (1 unique to this set)
Obi-Wan Kenobi - Collectable Minifigure,NaN,12,1 (1 unique to this set)
Futuristic Flyer,14.61,157,
Dune Buggy,12.66,147,
Deep Sea Creatures,14.99,230,
Sunset Track Racer,19.99,221,
Underwater Robot,19.99,207,
Shuttle Transporter,24.36,341,
Helicopter Adventure,9.74,114,
Riverside Houseboat,29.99,396,2 (2 unique to this set)
Race Plane,29.23,333,1 (1 unique to this set)
Fairground Carousel,48.73,595,3 (3 unique to this set)
Twin-Rotor Helicopter,48.73,569,1 (1 unique to this set)
Townhouse Pet Shop & Café,79.99,969,3 (3 unique to this set)
Outback Cabin,29.23,305,2 (2 unique to this set)
Year of the Pig,NaN,152,
MSC Cruises,NaN,181,
Jet Fighter,NaN,23,
Caterpillar,NaN,48,
Viking Ship,NaN,54,
Ladybird,NaN,27,
Crane,NaN,64,
Frog,NaN,39,
Ice Cream Truck,NaN,48,
Racing Car,NaN,50,
Eagle,NaN,56,
UFO,NaN,36,
Wolf,NaN,47,
Penguin,NaN,47,
Battle of Hoth - 20th Anniversary Edition,NaN,195,
Avengers Tower,NaN,211,1 (1 unique to this set)
Space Rocket Ride,NaN,154,1 (1 unique to this set)
Newbury Juice Bar,NaN,127,2 (1 unique to this set)
Microscale Gingerbread House,19.48,499,
Christmas Tree,NaN,392,
Sea Accessories,3.99,24,
NINJAGO Minifigure Set,12.99,59,4 (3 unique to this set)
Spider-Man and the Museum Break-In,14.61,49,3 (2 unique to this set)
Summer Celebration Minifigure Pack,12.99,45,4 (4 unique to this set)
Mars Exploration Minifigure Pack,12.66,44,4 (2 unique to this set)
LEGOLAND® Park,NaN,1336,11 (10 unique to this set)
LEGOLAND® Driving School Cars,NaN,209,4 (4 unique to this set)
Birthday Clown,9.99,150,
Valentine's Puppy,9.99,147,
Easter Chick,9.99,120,
Halloween Ghost,9.74,136,
Thanksgiving Scarecrow,9.99,177,
"Reindeer, Elf and Elfie",19.99,281,
Dragon Dance Guy,9.99,170,
LEGO House Exclusive Minifigure 2019,NaN,7,1 (1 unique to this set)
LEGO Store Picture Frame,14.99,170,1 (1 unique to this set)
Name Sign,9.99,91,
Olaf's Traveling Sleigh,NaN,97,1
Battle of Endor,NaN,197,
LEGO House Dinosaurs,NaN,864,
Lady Liberty,9.99,153,
Xmas Accessories,3.99,32,1 (1 unique to this set)
Rebuild the World minifigure,NaN,6,
1989 Batmobile - Limited Edition,NaN,366,
Reindeer,NaN,77,
Plants from Plants,NaN,29,
Jasmine's Petite Tower,9.99,49,1 (1 unique to this set)
Cinderella's Carriage Ride,19.99,91,1
Ariel's Castle,24.99,115,1 (1 unique to this set)
Aladdin's and Jasmine's Palace Adventures,29.99,193,2 (2 unique to this set)
"Ariel, Aurora, and Tiana's Royal Celebration",44.99,282,3 (3 unique to this set)
Rapunzel's Small Tower,9.99,44,1 (1 unique to this set)
Enchanted Treehouse,48.73,302,3 (1 unique to this set)
Anna's Canoe Expedition,19.99,108,2
Elsa and the Reindeer Carriage,29.99,116,1
Arendelle Castle Village,79.99,521,3 (2 unique to this set)
Elsa's Jewellery Box Creation,39.99,300,1
Olaf,14.61,122,
Underwater Loop,29.23,389,2 (2 unique to this set)
Andrea's Heart Box,7.99,84,1 (1 unique to this set)
Emma's Heart Box,7.99,85,1 (1 unique to this set)
Stephanie's Heart Box,7.99,85,1 (1 unique to this set)
Olivia's Heart Box,7.99,85,2 (2 unique to this set)
Mia's Heart Box,7.99,83,1 (1 unique to this set)
Heart Box Friendship Pack,19.99,199,2 (2 unique to this set)
Emma's Mobile Veterinary Clinic,9.74,50,1 (1 unique to this set)
Mia's Foal Stable,19.49,118,1 (1 unique to this set)
Heartlake City Supermarket,29.23,140,2
Mia's Forest Adventure,14.99,134,1 (1 unique to this set)
Stephanie's Buggy & Trailer,19.99,166,1 (1 unique to this set)
Emma's Art Studio,24.99,235,2 (2 unique to this set)
Olivia's Cupcake Cafe,29.23,335,2 (2 unique to this set)
Stephanie's Horse Jumping,38.98,337,2 (2 unique to this set)
Andrea's Talent Show,49.99,492,2 (1 unique to this set)
Mia's House,68.23,715,3 (2 unique to this set)
Mia's Horse Trailer,29.23,216,2 (2 unique to this set)
Stephanie's Gymnastics Show,29.23,241,2 (2 unique to this set)
Funny Octopus Ride,38.98,324,2 (1 unique to this set)
Andrea's Pool Party,48.73,468,2 (2 unique to this set)
Heartlake City Amusement Pier,126.71,1251,7 (7 unique to this set)
Turtles Rescue Mission,19.49,225,2 (2 unique to this set)
Dolphins Rescue Mission,38.98,363,2 (2 unique to this set)
Heartlake City Restaurant,58.48,624,3 (1 unique to this set)
Lighthouse Rescue Centre,58.48,602,2 (2 unique to this set)
Rescue Mission Boat,87.72,908,4 (4 unique to this set)
LEGO Friends Advent Calendar,24.99,330,3 (3 unique to this set)
Olivia's Hamster Playground,9.74,81,1 (1 unique to this set)
Andrea's Summer Heart Box,7.99,83,1 (1 unique to this set)
Emma's Summer Heart Box,7.99,86,1 (1 unique to this set)
Stephanie's Summer Heart Box,7.99,95,1
Olivia's Summer Heart Box,7.99,93,2 (2 unique to this set)
Mia's Summer Heart Box,7.99,85,1 (1 unique to this set)
Emmet,NaN,113,
Wyldstyle,NaN,134,
Benny,NaN,103,
Sweet Mayhem,NaN,137,
Cherry Picker,9.74,155,
Power Boat,14.99,174,
Getaway Truck,19.99,128,
Police Pursuit,19.49,120,
Rescue Helicopter,29.99,325,
Chevrolet Corvette ZR1,39.99,579,
Tracked Loader,59.99,827,
Remote-Controlled Stunt Racer,79.99,324,
Porsche 911 RSR,199.99,1580,
Compact Crawler Crane,87.72,920,
Car Transporter,149.99,2493,
4x4 X-Treme Off-Roader,229.99,958,
Liebherr R 9800,449.99,4108,
Land Rover Defender,199.99,2573,
Elsa's Ice Palace,69.99,701,7 (1 unique to this set)
City Shaper Challenge Kit,NaN,2238,1 (1 unique to this set)
BOOMTOWN BUILD Inspire Set,NaN,739,
BOOMTOWN BUILD Discovery Set,NaN,78,4
Ski Resort,77.97,806,11 (9 unique to this set)
Jet Patrol,9.74,54,2 (2 unique to this set)
Sky Police Drone Chase,19.49,192,3 (1 unique to this set)
Parachute Arrest,29.23,218,4 (3 unique to this set)
Diamond Heist,49.99,400,4 (3 unique to this set)
Air Base,73.1,529,6 (4 unique to this set)
Barbecue Burn Out,9.74,64,2 (1 unique to this set)
Dock Side Fire,14.61,97,2 (1 unique to this set)
Burger Bar Fire Rescue,29.99,327,3 (3 unique to this set)
Fire Station,59.99,509,4 (2 unique to this set)
Downtown Fire Brigade,99.99,943,7 (4 unique to this set)
Fire Plane,38.98,363,3 (1 unique to this set)
Desert Rally Racer,9.99,75,1 (1 unique to this set)
Construction Loader,9.99,88,1 (1 unique to this set)
Garbage Truck,19.99,90,2 (2 unique to this set)
Diving Yacht,19.99,148,2 (2 unique to this set)
Snow Groomer,19.49,197,2 (2 unique to this set)
Harvester Transport,29.99,358,3 (3 unique to this set)
Satellite Service Mission,9.74,84,1
Rover Testing Drive,19.49,202,2
Mars Research Shuttle,29.99,273,2 (1 unique to this set)
Lunar Space Station,48.73,412,5 (4 unique to this set)
Deep Space Rocket and Launch Control,99.99,837,7 (3 unique to this set)
Rocket Assembly & Transport,129.99,1055,8 (3 unique to this set)
People Pack - Space Research and Development,38.98,209,15 (12 unique to this set)
Fire Chief Response Truck,19.49,201,2
Garage Centre,38.98,234,4 (3 unique to this set)
Donut Shop Opening,79.99,790,10 (8 unique to this set)
People Pack - Fun Fair,38.98,183,14 (13 unique to this set)
LEGO City Advent Calendar,19.99,234,8 (5 unique to this set)
Straight & T-Junction,9.74,2,
Curves & Crossroad,9.74,2,
Police Patrol Car,9.99,92,1
Kayak Adventure,9.99,84,1 (1 unique to this set)
Super Pack 3-in-1,NaN,NaN,
Super Pack 2-in-1,NaN,NaN,
Super Pack 2-in-1,NaN,NaN,
Bonus/Value pack,NaN,218,
Bonus/Value pack,NaN,125,
2-in-1 Value Pack: Star-Lord & Gamora,NaN,249,
Super Pack 3-in-1,NaN,NaN,
Super Pack 3-in-1,NaN,NaN,
Super Pack 3-in-1,NaN,NaN,
J.B.'s Ghost Lab,19.99,174,3
Wrecked Shrimp Boat,29.23,310,4 (2 unique to this set)
Graveyard Mystery,29.23,335,4 (1 unique to this set)
El Fuego's Stunt Truck,38.98,428,4 (3 unique to this set)
Shrimp Shack Attack,48.73,579,5 (3 unique to this set)
Paranormal Intercept Bus 3000,58.48,689,5 (3 unique to this set)
Ghost Train Express,77.97,698,6 (3 unique to this set)
Newbury Haunted High School,116.97,1474,8 (4 unique to this set)
Spinjitzu Kai,9.99,97,1
Spinjitzu Jay,9.99,97,1
Spinjitzu Zane,9.99,109,1
Spinjitzu Cole,9.99,117,1
Spinjitzu Nya & Wu,19.99,227,2
Spinjitzu Lloyd vs. Garmadon,19.99,208,2
The Samurai Mech,14.61,154,3 (3 unique to this set)
The Golden Dragon,19.49,171,3 (2 unique to this set)
Kai's Blade Cycle & Zane's Snowmobile,29.99,376,4
Jay's Storm Fighter,38.98,490,4
Cole's Earth Driller,49.99,587,4 (1 unique to this set)
Monastery of Spinjitzu,77.97,1070,8 (1 unique to this set)
Lloyd's Journey,14.61,81,2 (1 unique to this set)
Cole's Dirt Bike,19.49,212,3
Shuricopter,29.23,361,3 (2 unique to this set)
Fire Fang,43.86,463,4 (2 unique to this set)
Katana 4X4,48.73,450,5 (2 unique to this set)
Lloyd's Titan Mech,68.23,876,6 (2 unique to this set)
Land Bounty,126.71,1178,9 (2 unique to this set)
Castle of the Forsaken Emperor,97.47,1218,7 (2 unique to this set)
The Ultra Dragon,87.72,951,6
Monastery Training,9.99,122,2
Spinjitzu Slam - Lloyd,9.74,70,1
Spinjitzu Slam - Jay,9.74,72,1
Spinjitzu Slam - Zane,9.99,63,1 (1 unique to this set)
Spinjitzu Slam - Kai vs. Samurai,19.49,164,2
LEGO Movie Maker,49.99,482,6 (5 unique to this set)
Emmet and Benny's 'Build and Fix' Workshop!,19.99,117,2
Unikitty's Sweetest Friends EVER!,9.99,76,3 (3 unique to this set)
Emmet's Thricycle!,14.99,174,1
Introducing Queen Watevra Wa'Nabi,19.99,115,4 (3 unique to this set)
Queen Watevra's Build Whatever Box!,39.99,455,
Rex's Rex-treme Offroader!,29.99,236,2
Ultrakatty & Warrior Lucy!,29.99,348,2
Pop-Up Party Bus,89.99,1024,4 (3 unique to this set)
Emmet and Lucy's Escape Buggy!,49.99,550,4 (2 unique to this set)
Sweet Mayhem's Systar Starship!,69.99,502,3 (1 unique to this set)
Emmet's Dream House/Rescue Rocket!,59.99,706,4 (2 unique to this set)
Emmet's Builder Box!,29.99,125,1
Lucy's Builder Box!,29.99,141,2 (1 unique to this set)
MetalBeard's Heavy Metal Motor Trike!,59.99,461,2 (2 unique to this set)
Rex's Rexplorer!,119.99,1187,2
Battle-Ready Batman and MetalBeard,19.99,168,2 (2 unique to this set)
Shimmer & Shine Sparkle Spa!,69.99,691,8 (8 unique to this set)
Queen Watevra's 'So-Not-Evil' Space Palace,99.99,995,5 (5 unique to this set)
The Rexcelsior!,149.99,1826,4 (4 unique to this set)
Welcome to Apocalypseburg!,299.99,3178,13 (11 unique to this set)
Benny's Space Squad,9.99,68,5 (2 unique to this set)
Emmet's Triple-Decker Couch Mech,29.99,312,3 (1 unique to this set)
Good Morning Sparkle Babies!,9.99,50,4 (4 unique to this set)
Systar Party Crew,19.99,196,2 (1 unique to this set)
Wyld-Mayhem Star Fighter,49.99,405,4 (4 unique to this set)
LEGO Minifigures - The LEGO Movie 2 Series {Random bag},NaN,NaN,
Awesome Remix Emmet,NaN,7,1
Battle-Ready Lucy,NaN,8,1
Apocalypse Benny,NaN,8,1
Giraffe Guy,NaN,6,1
Crayon Girl,NaN,6,1
Sherry Scratchen-Post & Scarfield,NaN,6,1
Hula Lula,NaN,8,1
Watermelon Dude,NaN,6,1
Flashback Lucy,NaN,7,1
Swamp Creature,NaN,6,1
Candy Rapper,NaN,8,1
Gone Golfin' President Business,NaN,6,1
Apocalypseburg Abe,NaN,7,1
Vest Friend Rex,NaN,6,1
Kitty Pop,NaN,7,1
Dorothy Gale & Toto,NaN,7,1
Cowardly Lion,NaN,6,1
Scarecrow,NaN,6,1
Tin Man,NaN,8,1
Unikitty,NaN,15,1
LEGO Minifigures - The LEGO Movie 2 Series - Complete,NaN,144,20
LEGO Minifigures - The LEGO Movie 2 Series - Sealed Box,3.99,NaN,
LEGO Minifigures - Disney Series 2 {Random bag},NaN,NaN,
Vintage Mickey,3.99,6,1
Vintage Minnie,3.99,7,1
Huey Duck,3.99,7,1
Dewey Duck,3.99,7,1
Louie Duck,3.99,8,1
Scrooge McDuck,3.99,8,1
Chip,3.99,6,1
Dale,3.99,5,1
Elsa,3.99,7,1
Anna,3.99,8,1
Jafar,3.99,8,1
Jasmine,3.99,6,1
Hades,3.99,6,1
Hercules,3.99,8,1
Sally,3.99,7,1
Jack Skellington,3.99,10,1
Edna Mode,3.99,8,1
Frozone,3.99,7,1
LEGO Minifigures - Disney Series 2 - Complete,NaN,129,18
LEGO Minifigures - Disney Series 2 - Sealed Box,3.99,NaN,
LEGO Minifigures - Series 19 {Random Bag},NaN,NaN,
Video Game Champ,NaN,7,1
Shower Guy,NaN,8,1
Fright Knight,NaN,9,1
Monkey King,NaN,12,1
Programmer,NaN,10,1
Mummy Queen,NaN,6,1
Jungle Explorer,NaN,8,1
Fire Fighter,NaN,6,1
Dog Sitter,NaN,9,1
Pizza Costume Guy,NaN,6,1
Galactic Bounty Hunter,NaN,8,1
Gardener,NaN,7,1
Rugby Player,NaN,6,1
Fox Costume Girl,NaN,8,1
Bear Costume Guy,NaN,7,1
Mountain Biker,NaN,10,1
LEGO Minifigures - Series 19 - Complete,3.99,127,16
LEGO Minifigures - Series 19 - Sealed Box,NaN,NaN,
Disney Train and Station,329.99,2925,5 (5 unique to this set)
Naboo Starfighter Microfighter,9.99,62,1
Sith Infiltrator Microfighter,9.99,92,1
Elite Praetorian Guard Battle Pack,14.99,109,5 (3 unique to this set)
Inferno Squad Battle Pack,14.99,118,4 (4 unique to this set)
Darth Vader Bust,NaN,327,
Escape Pod vs. Dewback Microfighters,19.99,177,3 (1 unique to this set)
Death Star Escape,29.99,329,4 (2 unique to this set)
Kylo Ren & Sith Trooper,19.99,240,
Droid Gunship,59.99,389,4
AT-AP Walker,68.23,689,5 (1 unique to this set)
X-wing Starfighter Trench Run,29.23,132,3
Duel on Starkiller Base,19.99,191,2 (1 unique to this set)
TIE Fighter Attack,19.99,77,2
Action Battle Endor Assault,29.23,193,2 (1 unique to this set)
Action Battle Hoth Generator Attack,29.23,235,2 (1 unique to this set)
Major Vonreg's TIE Fighter,68.23,496,4 (4 unique to this set)
Action Battle Echo Base Defense,58.48,504,6 (4 unique to this set)
Black Ace TIE Interceptor,48.73,396,3 (2 unique to this set)
Slave I - 20th Anniversary Edition,116.97,1007,5 (3 unique to this set)
Tantive IV,194.95,1768,6 (2 unique to this set)
LEGO Star Wars Advent Calendar,29.99,280,9 (2 unique to this set)
Death Star Cannon,19.49,159,2
Rebel A-wing Starfighter,14.99,62,2
Resistance A-wing Starfighter,29.23,269,2 (2 unique to this set)
Resistance Y-wing Starfighter,69.99,578,5 (3 unique to this set)
Pasaana Speeder Chase,48.73,373,4 (2 unique to this set)
Darth Vader's Castle,129.99,1060,6 (2 unique to this set)
Imperial Star Destroyer,699.99,4784,2 (2 unique to this set)
Droid Commander,194.95,1177,
AT-ST Raider,59.99,540,4 (2 unique to this set)
Yoda,119.99,1771,1
Kylo Ren's Shuttle,119.99,1005,6 (4 unique to this set)
Millennium Falcon,169.99,1351,7 (2 unique to this set)
Anakin's Podracer – 20th Anniversary Edition,29.23,279,3 (2 unique to this set)
Snowspeeder – 20th Anniversary Edition,39.99,309,4 (3 unique to this set)
Clone Scout Walker – 20th Anniversary Edition,29.99,250,5 (3 unique to this set)
Imperial Dropship – 20th Anniversary Edition,19.99,125,5 (2 unique to this set)
Mini Boost Droid Commander,NaN,62,3 (2 unique to this set)
The Upside Down,199.99,2287,8 (8 unique to this set)
Ferrari F40 Competizione,14.99,198,1 (1 unique to this set)
Chevrolet Camaro ZL1 Race Car,14.99,198,1 (1 unique to this set)
McLaren Senna,14.99,219,1 (1 unique to this set)
2018 Dodge Challenger SRT Demon and 1970 Dodge Charger R/T,39.99,478,3 (3 unique to this set)
1967 Mini Cooper S Rally and 2018 MINI John Cooper Works Buggy,48.73,481,4 (4 unique to this set)
1974 Porsche 911 Turbo 3.0,14.99,180,1 (1 unique to this set)
Dilophosaurus on the Loose,24.36,168,3 (2 unique to this set)
Baryonyx Face-Off: The Treasure Hunt,59.99,434,4 (1 unique to this set)
Jurassic Park: T. rex Rampage,249.99,3120,6 (5 unique to this set)
Triceratops Rampage,58.48,447,4 (3 unique to this set)
T. rex vs Dino-Mech Battle,87.72,716,4 (2 unique to this set)
Expecto Patronum,19.49,121,4 (1 unique to this set)
Hungarian Horntail Triwizard Challenge,34.11,265,4 (4 unique to this set)
Hagrid's Hut: Buckbeak's Rescue,59.99,496,6 (3 unique to this set)
Hogwarts Clock Tower,99.99,922,8 (5 unique to this set)
The Knight Bus,39.99,403,3 (2 unique to this set)
Beauxbatons' Carriage: Arrival at Hogwarts,48.73,430,4 (4 unique to this set)
LEGO Harry Potter Advent Calendar,24.99,305,8 (7 unique to this set)
The Rise of Voldemort,19.49,184,6 (6 unique to this set)
Tracer vs. Widowmaker,14.99,129,2 (2 unique to this set)
Hanzo vs. Genji,24.36,197,3 (3 unique to this set)
Dorado Showdown,29.99,419,3 (2 unique to this set)
D.Va & Reinhardt,39.99,455,2 (2 unique to this set)
Bastion,58.48,602,
Watchpoint: Gibraltar,87.72,730,4 (3 unique to this set)
Wrecking Ball,19.49,227,1 (1 unique to this set)
Junkrat & Roadhog,48.73,380,2 (2 unique to this set)
Spider-Man Bike Rescue,24.36,235,3 (2 unique to this set)
Spider-Man's Spider Crawler,38.98,418,4 (3 unique to this set)
Spider Mech vs. Venom,48.73,604,4 (1 unique to this set)
Batman Batsub and the Underwater Clash,24.99,174,3 (3 unique to this set)
Batman Mech vs. Poison Ivy Mech,39.99,375,4 (4 unique to this set)
Mr. Freeze Batcycle Battle,24.36,200,3 (1 unique to this set)
Batmobile: Pursuit of The Joker,29.23,342,2
Batwing and The Riddler Heist,48.73,489,4 (2 unique to this set)
Batcave Clayface Invasion,97.47,1038,6 (3 unique to this set)
Captain America: Outriders Attack,24.36,167,4 (3 unique to this set)
War Machine Buster,34.11,362,4 (2 unique to this set)
Iron Man Hall of Armor,59.99,524,6 (3 unique to this set)
Avengers Ultimate Quinjet,77.97,838,6 (3 unique to this set)
Captain Marvel and The Skrull Attack,29.23,307,3 (1 unique to this set)
Molten Man Battle,29.23,294,3 (2 unique to this set)
Hydro-Man Attack,39.99,471,4 (3 unique to this set)
Stark Jet and the Drone Attack,58.48,504,4 (2 unique to this set)
Avengers Compound Battle,97.47,699,7 (5 unique to this set)
Spider-Man Car Chase,9.99,52,2 (1 unique to this set)
Spider-Man: Doc Ock Diamond Heist,29.99,150,3 (2 unique to this set)
Batman vs. The Riddler Robbery,9.74,59,2
Batman and The Joker Escape,38.98,171,4 (2 unique to this set)
1989 Batmobile,249.99,3306,3 (2 unique to this set)
Avengers Hulk Helicopter Rescue,58.48,482,5 (2 unique to this set)
Sith Trooper Bust,NaN,484,
Captain Marvel and the Asis,NaN,271,2 (1 unique to this set)
The Dark Knight of Gotham City,NaN,427,1
Chinese New Year's Eve Dinner,NaN,615,6 (6 unique to this set)
Dragon Dance,NaN,622,5 (5 unique to this set)
Dragon Boat Race,49.99,643,15 (15 unique to this set)
Koi,NaN,293,
Shark Skin,NaN,31,
Splash Koi Skin,NaN,33,
Ink Koi Skin,NaN,33,
Boost Hub,79.99,1,
Colour & Distance Sensor,13.99,1,
Medium Linear Motor,16.99,1,
Train Motor,13.99,7,
Garmadon,NaN,10,1
Garmadon,NaN,10,1
Wu,NaN,1,1
Wu,NaN,1,1
Kai vs. Wyplash,NaN,13,2
Kai vs. Wyplash,NaN,13,2
Jay Vs. Lasha,NaN,12,2
Jay vs. Lasha,NaN,12,2
Baby Raptor,NaN,33,
Owen with Baby Raptor,NaN,7,1
Batman with Batarang,NaN,7,1
Robin,NaN,7,1
Superman,NaN,8,1
The Flash,NaN,6,1
Joker,NaN,9,1
Batman,NaN,6,1
Show Jump,NaN,34,
Emmet with Tools,NaN,9,1
Rex with Jetpack,NaN,NaN,1 (1 unique to this set)
Emma's Kitty Chico,NaN,22,
Shop with Costumes,NaN,30,
Sweet Baby,NaN,15,1
Bear's Cave,NaN,22,
Andrea's Booth with Waffles,NaN,29,
Robot on paddleboard,NaN,18,1 (1 unique to this set)
Ice Cream Parlour,NaN,38,
Andrea's Stage,NaN,21,
Stephanie's Puppy Dash,NaN,20,
Halloween Store,NaN,15,
Olivia's Bakery,NaN,38,
Jack,NaN,8,1
Possessed Pizza Delivery Man,NaN,6,1 (1 unique to this set)
Parker,NaN,6,1
TLM2 Accessory Set 2019,12.99,48,4 (3 unique to this set)
Oni Battle Pack,12.99,36,3 (3 unique to this set)
Emmet Key Chain,4.86,NaN,
Lucy Key Chain,4.99,NaN,
Emmet's Construction Worker Vest,14.99,NaN,
Batarang,7.79,NaN,
Flail,NaN,NaN,
Emmet Mask,9.99,NaN,
Lucy Hair,4.99,NaN,
Emmet Pod,8.99,27,1
Sweet Mayhem's Disco Pod,8.76,28,1 (1 unique to this set)
TLM2 Tumbler with Straw,7.99,NaN,
TLM2 Hydration Bottle,12.99,NaN,
TLM2 Notebook,12.99,NaN,
Emmet Plush,24.99,NaN,
Lucy Plush,24.36,NaN,
Friends Creative Bag Charms,5.99,NaN,
Stephanie Key Chain,4.99,NaN,
Olivia Key Chain,4.99,NaN,
Friends Phone Cover,24.99,NaN,
Friends Tumbler with Straw,7.79,NaN,
Cookie Cutters,9.74,NaN,
LEGO Friends Ceramic Mug,14.99,NaN,
LEGO Friends Hair Accessory Set,9.99,NaN,
Jay Keyring,4.86,NaN,
Nya Keyring,4.86,NaN,
Lloyd's Kendo Training Pod,8.99,25,1
4 4x4 Magnets,7.79,NaN,
NINJAGO Tumbler with Straw,7.99,NaN,
Creative Bag Charm,5.99,NaN,
Brick Suit Guy Key Chain,4.86,NaN,
Cactus Boy Key Chain,5.99,NaN,
Elephant Girl Key Chain,4.99,NaN,
LEGO Greeting Card,4.99,40,1 (1 unique to this set)
LEGO Toy Soldier Ornament,7.99,43,
Drinking cup,NaN,NaN,
LEGO® Minifigure Ceramic Mug,14.99,NaN,
LEGO Brick Ice Cube Tray,9.74,NaN,
Ice Lollipop Tray,NaN,NaN,
LEGO Key Hanger,9.74,NaN,
London Bus Magnet,9.99,NaN,
4 4x4 Magnets,7.79,NaN,
Creative Stationery Set,16.99,NaN,
City Firefighter Key Chain,4.99,NaN,
City Police Vest,NaN,NaN,
LEGO DUPLO Tableware,14.61,NaN,
Brick Stickers,5.99,17,
Creative Rings,NaN,43,
Stormtrooper Keyring,5.99,NaN,
Luke Skywalker Key Chain,4.99,NaN,
Princess Leia Key Chain,4.99,NaN,
Kylo Ren Key Chain,4.86,NaN,
Spider Man Key Chain,5.99,NaN,
Batman Key Chain,5.99,NaN,
Superman Key Chain,5.99,NaN,
Batwoman Key Chain,5.99,NaN,
Ariel Key Chain,4.99,NaN,
Aurora Key Chain,4.99,NaN,
Creeper Key Chain,4.99,NaN,
Chicken Skater Pod,NaN,36,1 (1 unique to this set)
2x6 Key Chain,4.99,NaN,
TLM2 Stop Sign Shield,15.99,NaN,
Wooden Minifigure,116.97,NaN,
"Wooden Minifigure, Colette Mon Amour Edition",NaN,NaN,
Elsa Key Chain,5.99,NaN,
Anna Key Chain,5.99,NaN,
Olaf Key Chain,4.99,NaN,
Minifigure Factory Box,NaN,NaN,
Young Wu,NaN,9,1
Jay,NaN,8,1 (1 unique to this set)
Heavy Metal,NaN,11,1 (1 unique to this set)
Iron Baron,NaN,7,1
Lloyd,NaN,10,1 (1 unique to this set)
Daddy No Legs,NaN,28,1 (1 unique to this set)
Nya,NaN,9,1 (1 unique to this set)
Blizzard Samurai,NaN,9,1 (1 unique to this set)
Cole,NaN,14,1 (1 unique to this set)
Pyro Whipper,NaN,8,1 (1 unique to this set)
Kai,NaN,10,1
Blizzard Samurai,NaN,8,1 (1 unique to this set)
Zane,NaN,8,1 (1 unique to this set)
Jay,NaN,9,1
Luke Skywalker,NaN,6,1
Resistance Bomber,NaN,37,
Slave I,NaN,31,
U-wing,NaN,37,
IG-88,NaN,11,1
AT-M6,NaN,52,
Millennium Falcon,NaN,32,
B-wing,NaN,52,
First Order Stormtrooper,NaN,5,1
Jedi Interceptor,NaN,30,
First Order SF TIE Fighter,NaN,32,
Kylo Ren's TIE Silencer,NaN,33,
Police Officer and Jet,NaN,22,1 (1 unique to this set)
Fireman,NaN,9,1 (1 unique to this set)
Lawnmower,NaN,27,1 (1 unique to this set)
Police Officer with Jetpack,NaN,10,1 (1 unique to this set)
Gyrocopter,NaN,29,1
Diver,NaN,16,1 (1 unique to this set)
Police Buggy,NaN,27,1
Astronaut,NaN,18,2 (2 unique to this set)
Pizza Delivery Biker,NaN,10,1 (1 unique to this set)
Traffic Cop,NaN,9,1
Space Buggy,NaN,17,1
Lumberjack,NaN,13,1 (1 unique to this set)
FIRST Competitions Medal,NaN,18,
Spike Prime Marketing Kit,NaN,150,
BOOMTOWN BUILD Discover More,NaN,12,
Butterfly,NaN,45,
LEGO System House,NaN,985,
LEGO Play Day polybag,NaN,39,5 (5 unique to this set)
Christmas X-wing,NaN,1038,3 (2 unique to this set)
Reusable Bag,NaN,NaN,
Yoda Minifigure Link Watch,NaN,NaN,
2x4 Red Luggage Tag,4.99,NaN,
2x4 Blue Luggage Tag,4.99,NaN,
LEGO Pencils 6 pack,3.99,NaN,
Building a Dream - The Story of the LEGO House,NaN,NaN,
Emma Buildable Watch,NaN,NaN,
Boy Luggage Tag,7.99,NaN,
Storage Bag,NaN,NaN,
Emmet Alarm Clock,29.99,NaN,
Wyldstyle Alarm Clock,29.23,NaN,
Emmet Minifigure Link Watch,24.99,NaN,
Unikitty Buildable Watch with Figure Link,24.99,NaN,
Wyldstyle Minifigure Link Watch,24.36,NaN,
Hot Dog Guy Key Light,12.99,NaN,
Banana Guy Key Light,12.99,NaN,
Batman Luggage Tag,7.99,NaN,
Emmet Luggage Tag,7.99,NaN,
Sweet Mayhem Luggage Tag,7.99,NaN,
Unikitty Luggage Tag,7.99,NaN,
Unikitty Night Light,34.99,NaN,
THE LEGO MOVIE 2 Sticker Roll,3.99,NaN,
Batman Key Light,12.99,NaN,
Emmet Key Light,12.99,NaN,
Unikitty Key Light,12.99,NaN,
Boy NiteLite,NaN,NaN,
Girl NiteLite,NaN,NaN,
Unikitty Torch,NaN,NaN,
Bag Tag,NaN,NaN,
Lunch Set Iconic Girl,NaN,NaN,
The LEGO Movie 2 Awesome Trading Cards,NaN,NaN,
The LEGO Movie 2 Awesome Collector Album,NaN,NaN,
Holographic Brick Backpack,NaN,NaN,
Boba Fett Bag Tag,7.99,NaN,
Darth Vader Bag Tag,7.99,NaN,
R2 D2 Bag Tag,7.99,NaN,
Yoda Bag Tag,NaN,NaN,
Exclusive LEGO Ford Mustang Key Chain,NaN,NaN,
20th Anniversary Darth Vader Brick Clock,29.99,NaN,
20th Anniversary Darth Vader Link Watch,24.99,NaN,
Stormtrooper Bag Tag,7.99,NaN,
Emmet Clip,NaN,NaN,
Unikitty Clip,NaN,NaN,
LEGO Star Wars Notebook with Gel Pen,17.99,NaN,
Sweet Mayhem Clip,NaN,NaN,
Benny Clip,NaN,NaN,
Emmet Minifigure Plush,NaN,NaN,
Unikitty Plush,NaN,NaN,
Captain Marvel Black & White Art Print,NaN,NaN,
Captain Marvel Art Print,NaN,NaN,
Avengers: Endgame art print,NaN,NaN,
Avengers: Endgame Black & White Art Print,NaN,NaN,
Spider-Man: Far From Home Art Print,NaN,NaN,
Spider-Man: Far From Home Black & White Art Print,NaN,NaN,
THE LEGO MOVIE 2: The Second Part (Blu-ray + DVD),NaN,NaN,
20th Anniversary Star Wars Poster,NaN,NaN,
Star Wars 20th anniversary art print,NaN,NaN,
Minifigure Notebook,12.66,NaN,
Lloyd Luggage Tag,7.99,NaN,
Mechanical Pencil,3.99,NaN,
2x4 Brick Luggage Tag,7.99,NaN,
"Red, Bright Blue and Yellow Wall Hanger Set",14.99,NaN,
NASA Apollo 11 Lunar Lander Patch,NaN,NaN,
Reversible Canvas Tote Bag,NaN,NaN,
Minifigure Belight Backpack,44.99,NaN,
Friends Belight Backpack,44.99,NaN,
NINJAGO Belight Backpack,43.86,NaN,
NINJAGO Pencil Roll,7.99,NaN,
Friends Pencil Roll,7.79,NaN,
Minifigure Pencil Roll,7.79,NaN,
Teen Minifigure Backpack,49.99,NaN,
Minifigure Drawstring Bag,11.69,NaN,
Kindergarten Backpack,19.99,NaN,
Minifigure Lunch Box,6.99,NaN,
NINJAGO Lunch Box,6.81,NaN,
Stranger Things Sketchbook,NaN,NaN,
Stranger Things Poster,NaN,NaN,
Back to School Pack,NaN,NaN,
Belgian Patent for LEGO Elements 1958,NaN,NaN,
"1st Edition Elephant Water Colour Print, Circa 1937",NaN,NaN,
"1st Edition of Wooden Duck Print, 1958",NaN,NaN,
Toy Hen and Chicks Art Print,NaN,NaN,
Australian Patent LEGO Minifigure 1977,NaN,NaN,
Japanese Patent LEGO Duplo Brick 1968 Art Print,NaN,NaN,
VIP Gifting Set,NaN,NaN,
Picnic Blanket,NaN,NaN,
LEGO Lunchbox,NaN,NaN,
LEGO Batman Deluxe Costume,39.99,NaN,
Santa Bag Tag,7.99,NaN,
Holiday Bag Tag R2 D2,NaN,NaN,
Holiday Bag Tag Chewbacca,7.79,NaN,
Holiday Bag Tag Darth Vader,NaN,NaN,
Holiday Bag Tag Yoda,7.79,NaN,
Brick Friday 2019 Minifigure,NaN,NaN,1 (1 unique to this set)
Brick Friday 2019 Brick,NaN,1,
LEGO Masters Shopping Bag,NaN,NaN,
Chewbacca Plush,26.99,NaN,
Lion Dance,NaN,NaN,
Piglet,NaN,723,
Spring,NaN,125,
Summer,NaN,103,
Autumn,NaN,126,
Winter,NaN,113,
Reindeer ornament,NaN,NaN,
Snowman ornament,NaN,NaN,
Santa ornament,NaN,NaN,
Christmas tree ornament,NaN,NaN,
Surfer Van,NaN,62,1 (1 unique to this set)
Buildable 2x4 Red Brick,NaN,72,
Buildable 2x4 Red Brick,NaN,72,
Windmill,NaN,127,
Amsterdam BrickHeadz,NaN,110,
Tantive IV,NaN,56,
Summer Sailboat,NaN,37,
100 Stores minifigure,NaN,1,1 (1 unique to this set)
Arendelle Castle,NaN,62,
Beijing BrickHeadz,NaN,110,
Minifigure box,NaN,NaN,
Löwenstein Castle,NaN,2015,3 (3 unique to this set)
Antique Fire Engine,NaN,1278,
Skyline Express,NaN,1365,6 (6 unique to this set)
Wild West Saloon,NaN,1496,
Isle of Peril,NaN,1301,
Eight Studs,NaN,1393,2 (2 unique to this set)
Science Tower,NaN,1204,2 (2 unique to this set)
The LEGO Story,NaN,1442,4 (4 unique to this set)
Imagine it! Build it!,NaN,924,2 (2 unique to this set)
Hot Shot Carnival,NaN,591,3 (3 unique to this set)
Vintage Roadster,NaN,474,
Bikes!,NaN,519,2 (2 unique to this set)
Steampunk Mini Chess,NaN,371,
Blocks magazine issue 52,NaN,NaN,
Blocks magazine issue 53,NaN,NaN,
Blocks magazine issue 54,NaN,NaN,
Blocks magazine issue 55,NaN,NaN,
Blocks magazine issue 56,NaN,NaN,
Blocks magazine issue 57,NaN,NaN,
Blocks magazine issue 58,NaN,NaN,
Blocks magazine issue 59,NaN,NaN,
Blocks magazine issue 60,NaN,NaN,
Blocks magazine issue 61,NaN,NaN,
Blocks magazine issue 62,NaN,NaN,
Blocks magazine issue 63,NaN,NaN,
Brick Fanatics magazine issue 3,NaN,NaN,
Brick Fanatics magazine issue 4,NaN,NaN,
Brick Fanatics magazine issue 5,NaN,NaN,
Brick Fanatics magazine issue 6,NaN,NaN,
Brick Fanatics magazine issue 7,NaN,NaN,
Brick Fanatics magazine issue 8,NaN,NaN,
Brick Fanatics magazine issue 9,NaN,NaN,
Brick Fanatics magazine issue 10,NaN,NaN,
Brick Fanatics magazine issue 11,NaN,NaN,
Brick Fanatics magazine issue 12,NaN,NaN,
BrickJournal Issue 55,NaN,NaN,
BrickJournal Issue 56,NaN,NaN,
BrickJournal Issue 57,NaN,NaN,
BrickJournal Issue 58,NaN,NaN,
BrickJournal Issue 59,NaN,NaN,
BrickJournal Issue 60,NaN,NaN,
Mini Captain Marvel Ship,NaN,46,
Cologne BrickHeadz,NaN,110,
Cool Car,NaN,49,
Dragon,NaN,37,
Easter Chick,NaN,30,
Elephant,NaN,NaN,
Mini Emmet's Dream House/Rescue Rocket,NaN,68,
Flower,NaN,NaN,
Ganymede,NaN,38,
Mini Harley Davidson,NaN,71,
"LEGO Star Wars: Visual Dictionary, New Edition",NaN,4,1
Star Wars Build Your Own Adventure: Galactic Missions,NaN,66,1
Amazing Vehicles,NaN,NaN,
Harry Potter Build Your Own Adventure,NaN,101,
"LEGO NINJAGO: Visual Dictionary, New Edition",NaN,5,1 (1 unique to this set)
Christmas Ideas,NaN,41,
"LEGO Star Wars: Visual Dictionary, Anniversary Edition",NaN,4,1
Harry Potter The Magical Guide to the Wizarding World,NaN,NaN,
Build Yourself Happy: The Joy of LEGO play,NaN,NaN,
"Lego Action Vehicles: Police Helicopter, Fire Truck, Ambulance, and More",NaN,NaN,
"Expanding the LEGO Winter Village, Volume 2",NaN,NaN,
Building LEGO BrickHeadz Heroes - Volume One: The Unofficial Guide,NaN,NaN,
Building LEGO BrickHeadz Villains- Volume One: The Unofficial Guide,NaN,NaN,
Expanding the LEGO Winter Village,NaN,NaN,
Building Tales with Syd and Friends,NaN,NaN,
New York City Brick by Brick,NaN,NaN,
The Book of Bedtime Builds,NaN,68,
Build It! Wild West,NaN,NaN,
Build It! Monsters,NaN,NaN,
Build a LEGO Mustang,NaN,NaN,
Amazing LEGO Creations from Space with Bricks You Already Have,NaN,NaN,
The LEGO Castle Book: Build Your Own Mini Medieval World,NaN,NaN,
Knight Bus,NaN,36,
Luke Skywalker,NaN,87,
Olaf Box,NaN,50,
Panda,NaN,NaN,
Pig,NaN,NaN,
Rat,NaN,754,
Wally,NaN,47,
Barb,NaN,4,1 (1 unique to this set)
Zebra Batman,NaN,5,
PS4 Spider-Man,NaN,3,1 (1 unique to this set)
Golden Snitch,NaN,35,
Castle Byers,NaN,48,
Stormbreaker,NaN,27,
Tantive IV,NaN,56,
Tree in the Woods,NaN,53,
X-wing Trench Run,NaN,52,
Mini X-wing Fighter,NaN,60,